params,main,interactions,sensitive_parameter_cutoff,driver,value,gsa_sample_n
f1,0.9088313600861339,0.9396785313354674,0.05,location_name,"Ellerslie,Harrow",100
f2,0.0022203715965135886,0.027403707653602782,0.05,location_name,"Ellerslie,Harrow",100
f3,0.027037787133776605,0.07068443251853118,0.05,location_name,"Ellerslie,Harrow",100
f5,0.0023584688613170054,0.022562743749741654,0.05,location_name,"Ellerslie,Harrow",100
f6,0.09160152283609806,0.15501934968291287,0.05,location_name,"Ellerslie,Harrow",100
f7,0.0041527540518308285,0.027591141847522427,0.05,location_name,"Ellerslie,Harrow",100
f8,5.716908495691802e-4,0.018993580015389533,0.05,location_name,"Ellerslie,Harrow",100
k10,3.4103352519392847e-4,0.017916229099506298,0.05,location_name,"Ellerslie,Harrow",100
k20,3.4103352519392847e-4,0.017916229099506298,0.05,location_name,"Ellerslie,Harrow",100
k30,3.616899274774052e-4,0.017041395601880782,0.05,location_name,"Ellerslie,Harrow",100
k40,0.08116283021335241,0.13157978368675294,0.05,location_name,"Ellerslie,Harrow",100
k50,4.920219631598833e-4,0.01774272717816583,0.05,location_name,"Ellerslie,Harrow",100
plig,3.4103352519392847e-4,0.017916229099506298,0.05,location_name,"Ellerslie,Harrow",100
tillfac_FT,0.058836310437069855,0.10117504357135088,0.05,location_name,"Ellerslie,Harrow",100
tillfac_RT,3.4103352519392847e-4,0.017916229099506298,0.05,location_name,"Ellerslie,Harrow",100
tmax,0.12316309996307252,0.19630302288982593,0.05,location_name,"Ellerslie,Harrow",100
topt,0.21549396124765932,0.32570036606304154,0.05,location_name,"Ellerslie,Harrow",100
wfac_irri,3.4103352519392847e-4,0.017916229099506298,0.05,location_name,"Ellerslie,Harrow",100
