SampleID,f1,tmax,topt
1,0.2940995982702589,47.95103214040864,31.491549241654575
2,0.5116098472848535,45.44005181448301,33.79821891413071
3,0.6199205777508906,44.80212938465411,34.81056913201697
4,0.19826306127069984,40.78548679064261,32.165032856957986
