parameter,2.5%,25%,median,75%,97.5%,map,mean,driver,value,sir_sample_n,sir_resample_n
f1,0.30497511072098865,0.4028547227775562,0.5116098472848535,0.565765212517872,0.6145050412275888,0.5629873375237109,0.4752100077686677,location_name,"Ellerslie,Harrow",4,3
tmax,44.83402550614555,45.12109059956856,45.44005181448301,46.69554197744583,47.82548312411236,45.12654964239078,46.064404446515255,location_name,"Ellerslie,Harrow",4,3
topt,31.606882725278382,32.64488407789264,33.79821891413071,34.30439402307384,34.75995162112266,34.281613351102585,33.366779095934085,location_name,"Ellerslie,Harrow",4,3
