params,main,interactions,sensitive_parameter_cutoff,driver,value,gsa_sample_n
f1,0.9588816198975755,0.9900850243636351,0.05,location_name,"Ellerslie,Harrow",100
f2,0.005422423011869964,0.022920350977051474,0.05,location_name,"Ellerslie,Harrow",100
f3,0.039883917149113435,0.07164381144534282,0.05,location_name,"Ellerslie,Harrow",100
f5,0.0018928685403392196,0.022489716031133256,0.05,location_name,"Ellerslie,Harrow",100
f6,0.02914470627921476,0.055392415319932664,0.05,location_name,"Ellerslie,Harrow",100
f7,0.0025234218985339934,0.023487621502924827,0.05,location_name,"Ellerslie,Harrow",100
f8,0.0011260797370309735,0.0209544359336461,0.05,location_name,"Ellerslie,Harrow",100
k10,0.001041659820540653,0.020591786525998468,0.05,location_name,"Ellerslie,Harrow",100
k20,0.001041659820540653,0.020591786525998468,0.05,location_name,"Ellerslie,Harrow",100
k30,0.001101584852897074,0.02018873677498567,0.05,location_name,"Ellerslie,Harrow",100
k40,0.03661933685634047,0.04907989971171978,0.05,location_name,"Ellerslie,Harrow",100
k50,0.0010554448581177117,0.02065357452074168,0.05,location_name,"Ellerslie,Harrow",100
plig,0.001041659820540653,0.020591786525998468,0.05,location_name,"Ellerslie,Harrow",100
tillfac_FT,0.029748732760741234,0.04262892474969604,0.05,location_name,"Ellerslie,Harrow",100
tillfac_RT,0.001041659820540653,0.020591786525998468,0.05,location_name,"Ellerslie,Harrow",100
tmax,0.05451714903799848,0.07090270899410944,0.05,location_name,"Ellerslie,Harrow",100
topt,0.051126204849660774,0.08485535317231263,0.05,location_name,"Ellerslie,Harrow",100
wfac_irri,0.001041659820540653,0.020591786525998468,0.05,location_name,"Ellerslie,Harrow",100
