SampleID,tillfac_FT,tillfac_RT,wfac_irri,k10,k20,k30,k40,k50,f1,f2,f3,f5,f6,f7,f8,tmax,topt,plig
1,3.5411575345904565,2.699688202003017,1,18.571060099609895,5.2188636694860175,6.677959442785941,0.2914947964291787,0.0063217237879871395,0.2957608204823919,0.3431932683820487,0.6499648179044016,0.06440725450025639,0.02546632275218144,0.44418955206591637,0.42964150715677535,49.20892105868552,34.12805161505006,3.9906913614831865
2,3.211342414910905,1.5445056448224932,1,17.6338148630457,4.672383660320192,7.206328595709056,0.0716382376763504,0.008054144622583408,0.03788406027655583,0.019052577070367987,0.5827704913972411,0.09407417983975028,0.173383770257351,0.4063366093465593,0.4176347852923209,40.90984562417725,32.24395020785742,2.0300018831621855
3,2.4070038914331233,2.2524424783186987,1,20.003345067682677,4.410944856853457,8.132842890517786,0.15801115740451496,0.0098276558163343,0.6442597779398784,0.4790303174222354,0.13777159795863556,0.050322511497244704,0.06524376281711738,0.4207735663591884,0.45734388316457625,45.10594639851479,30.909436851255595,3.2226052060723305
4,1.6574540501111186,1.240698660374619,1,17.19831797297229,5.1162699410028285,7.630729545939248,0.2245730104012182,0.006136214389116504,0.521696243477054,0.16156771802238654,0.31117652559769343,0.07140293745003873,0.12189807777816897,0.38916710980120117,0.48603381258377343,44.01426632597577,34.65642216068693,2.8101464146748185
