SampleID,k40,f1,tmax,topt
1,0.19949311586469412,0.5462410469161114,43.486366029654164,32.258504450842736
2,0.12748038802167866,0.12051016487705056,42.28956352901878,33.8978327793628
3,0.06255899608554319,0.3607269782683579,47.38258645363385,30.76126085564494
4,0.29676048453501425,0.7474627080967184,46.81404070579447,34.95769761426374
